run_time_taipei,market_date,symbol,name,open,close,ma120,difference_points,difference_percent,position,cross_signal
2026-08-01T20:20:12+08:00,2026-07-31,^GSPC,S&P 500,7462.13,7489.72,7152.17,337.55,4.72,半年線之上,無穿越
2026-08-01T20:20:12+08:00,2026-07-31,^IXIC,NASDAQ Composite,25340.71,25373.85,24484.41,889.44,3.633,半年線之上,無穿越
2026-08-01T20:20:13+08:00,2026-07-31,^TWII,Taiwan Weighted Index,41610.41,43119.75,39417.1,3702.65,9.394,半年線之上,無穿越
2026-08-04T07:36:24+08:00,2026-08-03,^GSPC,S&P 500,7504.78,7600.5,7157.47,443.03,6.19,半年線之上,無穿越
2026-08-04T07:36:24+08:00,2026-08-03,^IXIC,NASDAQ Composite,25452.66,25913.9,24506.7,1407.19,5.742,半年線之上,無穿越
2026-08-04T07:36:24+08:00,2026-08-03,^TWII,Taiwan Weighted Index,42780.42,43362.3,39505.09,3857.21,9.764,半年線之上,無穿越
2026-08-05T07:33:07+08:00,2026-08-04,^GSPC,S&P 500,7630.62,7736.52,7164.09,572.43,7.99,半年線之上,無穿越
2026-08-05T07:33:07+08:00,2026-08-04,^IXIC,NASDAQ Composite,26088.04,26584.99,24535.72,2049.27,8.352,半年線之上,無穿越
2026-08-05T07:33:07+08:00,2026-08-04,^TWII,Taiwan Weighted Index,43092.49,43228.56,39594.39,3634.17,9.178,半年線之上,無穿越
